IMO;Design Speed (knots)
6153496;5.6
6153504;6.7
6151611;31.25
6151619;31.25
6160131;14.2
6160134;14.2
6133907;11.5
6153651;24
6165007;24
6165400;16.2
6155018;25
6019301;1.329.108.033
6019309;1.329.108.033
6157123;10
6173655;11.5
6178896;11.5
6148278;7.3
6150635;12
6150357;15.5
6136042;29.5
6136379;29.5
6146887;32
6146895;31.5
6164499;13.8
6150365;15.5
6195351;12
6221430;1.329.108.033
6195904;1.329.108.033
6128111;17.5
6128119;21
6131139;14.5
6131141;15
6140147;18
6142911;29
6142851;29
6148348;30
6148356;30
6145061;1.329.108.033
6167019;12
6166724;14.5
6162255;14.5
6166553;12.5
6195603;30
6146903;14
6128250;13.5
6125070;12
6133959;18
6133960;20
6125197;22
6135449;28
6135457;28
6138722;30
6158230;22
6149602;1.329.108.033
6163675;1.329.108.033
6163691;12
6163683;12
6158214;9.8
6158222;7
6166509;12.5
6179533;12.5
6176009;14
6191593;14.2
6191603;12
6194564;14.5
6194572;14.5
6163630;7.7
6143817;1.329.108.033
6183001;1.173.571.429
6182148;14.6
6122355;1.173.571.429
6114263;13.5
6136406;1.329.108.033
6136001;1.329.108.033
6133387;11
6155335;1.329.108.033
6141442;22
6152619;1.329.108.033
6151157;1.329.108.033
6151689;1.329.108.033
6168343;1.329.108.033
6164483;16
6136241;22
6145343;15
6143147;11
6179452;1.329.108.033
6135469;10
6143119;2.198.295.918
6150072;1.329.108.033
6157966;13
6160183;15
6164049;10
6112396;18
6120727;22.5
6120737;22.5
6137849;20.9
6137857;20.9
6151369;20.9
6135944;25
6139119;28.1
6143703;26.5
6144019;32
6144020;32
6160643;20.5
6160651;20.5
6161183;23.5
6161191;25
6114247;13.5
6122337;29
6122345;28
6138714;32
6147540;29
6149285;10.5
6134621;10.5
6134629;11.5
6139078;22
6139086;22
6142588;14
6143772;14
6142596;14
6152699;14
6145489;12.5
6145827;1.221.954.023
6160003;12
6152709;13
6156281;14.5
6156289;15
6162193;13
6162013;12
6174325;17
6082981;16.2
6113293;15.2
6099675;15.2
6109405;16
6099315;12.5
6112407;15.2
6138799;15
6138802;15.6
6153037;15.5
6153055;16
6154975;15.6
6164937;15.6
6129549;1.329.108.033
6143001;1.329.108.033
6142649;1.329.108.033
6140687;1.329.108.033
6144758;1.329.108.033
6148765;1.329.108.033
6144633;14
6146063;1.329.108.033
6146221;209.871.028
6158662;16
6154634;18
6155505;18.5
6175527;1.329.108.033
6166423;16
6167166;10
6166233;18.9
6165152;18.5
6173544;17
6177634;16.5
6012800;13.5
6121469;15
6156931;1.329.108.033
6138546;14
6165067;11
6165075;11
6164508;12
6164516;12
5986103;12.5
5986111;12.5
6141726;14.5
6145235;1.329.108.033
6145243;1.329.108.033
6149189;28.5
6152701;13
6126800;13
6132131;12.2
6157784;14.5
6175649;13
6152591;14
5843466;1.173.571.429
6175961;13.4
6175969;13.4
5843187;1.173.571.429
6158603;1.329.108.033
6107819;23.7
6125765;22
6139481;22.2
6111485;23.7
6149303;22
6149817;22
6151672;22
6151673;22
6153106;21.5
6153601;24
6158238;22
5997041;11
6150191;14.5
6131575;17
6135031;17
6131941;17
6131965;17
6131583;17
6135039;17
6135005;17
6135007;17
6135015;17
6135023;17
6166732;20.5
6134585;14.5
6134637;10.5
6134645;10.5
6134647;11
6136345;1.329.108.033
6136347;1.329.108.033
6148757;1.329.108.033
6137572;13
6139635;18
6149197;28.5
6155112;17
6143111;2.198.295.918
6142919;29
6142859;29
6149287;10.5
6144750;23.5
6144390;23.5
5843299;16.625
6145059;12
6150627;10.5
6156959;1.329.108.033
6153341;12.5
6151506;2.198.295.918
6163699;12
6149234;14.5
6153074;12
6150418;1.329.108.033
6152108;17.85
6159135;18.5
6155198;17.5
6148260;1.329.108.033
6148270;1.329.108.033
6137147;15
6158925;11
6158393;22
6158161;22.8
6239603;1.329.108.033
6161844;17
6158385;13.87
6160333;12
6160706;1.329.108.033
6172493;1.329.108.033
6164076;16.5
6165753;1.329.108.033
6143155;11
6166586;11
6194020;13
6166371;1.329.108.033
6166379;1.329.108.033
6168351;12
6162959;10.5
6173042;14
6171109;1.329.108.033
6206212;13
6169615;14.5
6174068;1.221.954.023
6174076;1.221.954.023
6171117;1.329.108.033
6176842;10
6172494;1.329.108.033
6169363;12.5
6169371;12.5
6165083;11
6169595;11.5
6183496;11.5
6170577;16
6175615;11.75
6178295;1.329.108.033
6171978;7
6171986;6
6167405;13.8
6170179;15
6170180;15
6175676;16
6172287;16
6172295;18
6210992;12
6185973;10
6172639;14.2
6172641;14
6184799;7.9
6165091;11
6174344;15
6175770;30
6175580;23
6175727;12
6175737;12
6173119;13.6
6183128;16
6170947;14.7
6170955;14.7
6177617;13
6196471;16
6177503;1.329.108.033
6175815;14.5
6175161;17
6175684;1.329.108.033
6178080;11
6177808;14
6183197;1.329.108.033
6192661;10
6178767;10
6187763;1.329.108.033
6178372;14
6178373;14
6187918;1.329.108.033
6181893;14.7
6179087;15
6186817;12
6175933;16.2
6175936;16.2
6187755;1.329.108.033
6184443;15
6184451;14
6199891;16.5
6176946;22
6176947;22
6211054;12.5
6187747;1.329.108.033
672127;12.5
6192667;10
6185419;1.329.108.033
6201902;12
6188121;1.221.954.023
6187357;1.329.108.033
6185505;1.329.108.033
6189319;14
6185453;1.329.108.033
6187771;16
6210659;13
6210661;13
6182607;1.401.548.052
6182580;1.401.548.052
6016414;11
6201539;11
6189403;11
6186159;1.329.108.033
6191149;18.8
6197811;15
6182397;15
6198482;11
6065496;14
6065504;10
6178939;2.198.295.918
6182518;1.329.108.033
6187548;21
6187521;22
6170188;15
6170196;15
6175807;1.329.108.033
6198133;11.5
6182485;21
6187147;13
6197344;12
6197352;12
5999436;1.329.108.033
6188974;1.329.108.033
6197252;1.329.108.033
6197253;1.329.108.033
6194044;13.5
6142671;10.5
6142679;10.5
6177609;12
6211344;11
6220968;11
6209059;11.5
6200232;10
6206075;12
6190365;14.5
5803186;1.329.108.033
6197211;1.329.108.033
6195201;12
6195209;12
6219449;1.329.108.033
6030485;14.5
6203878;1.329.108.033
6189420;10
6203513;30
6046446;12
6232733;14
6232741;13
6221405;7.3
6222684;1.401.548.052
6197123;1.329.108.033
6197131;1.329.108.033
6197134;1.329.108.033
6197142;1.329.108.033
6197150;1.329.108.033
6197158;1.329.108.033
6197166;1.329.108.033
6197167;1.329.108.033
6197175;1.329.108.033
6122163;1.173.571.429
6149419;12.5
6118809;130.798.916
5843511;1.173.571.429
6125025;14.5
671159;2.198.295.918
6128665;1.401.548.052
6131121;19.1
6136484;16
6143069;17
6134763;18.6
6135136;19.8
6156751;130.798.916
6147511;14.7
6152124;23
6152132;23
6155303;14.7
6160707;24
6179471;17.5
6178477;19
6178485;19
6184914;15.8
6187539;19.04
6192403;30.5
6189765;15.3
6185489;21
6192411;30.5
6201495;18.5
6185454;23
6195190;18.8
6187540;19.1
6203895;26
6199595;27
6195599;209.871.028
6187556;21
6204330;19
6096496;23
3029405;16.625
6175389;13
5843710;1.329.108.033
6096776;2.198.295.918
6185421;1.329.108.033
6130775;16.5
6130828;14.5
6138339;16
6126808;14
6140093;20
6140094;20.1
6138929;22
6143670;25
6152652;16
6140102;20.1
6152653;16
6164763;20
6164068;21.7
6166931;15.5
6166976;21.1
6150889;12
6147703;21
6157261;15
6162445;22
6186135;15
6148027;1.329.108.033
5984849;20
6171718;13
6168393;13.5
6168394;13.5
6168412;13.5
6174685;14
6175641;14
6162744;22
6166923;15.2
6176066;1.329.108.033
6204399;1.329.108.033
6208157;12
6208165;12
6206911;13
6219400;1.329.108.033
6157593;209.871.028
6175725;12.5
6172526;1.329.108.033
6143660;209.871.028
6151261;209.871.028
6153410;209.871.028
6147521;209.871.028
6159863;209.871.028
6183233;13
6185636;7.7
6215629;13.5
6191543;13.3
6180049;1.401.548.052
6192030;17
6192038;17
6192046;17
6192047;17
3029413;16.625
6203436;19
6203444;19
6229308;1.173.571.429
6230380;13.5
6230388;12.5
6207928;10.5
6220135;12
6189444;12
6216534;10.5
6232633;12
6199379;12.5
6221199;11
6199605;14
6204471;20
6200553;14.5
6204479;20.5
6209733;13.3
6045855;10
6204872;13
6204873;13
6204881;13
6234963;12.5
6234971;12.5
6226580;14.5
6226588;13
6201503;18.5
6205149;15
6221593;10
6209818;11.5
6179234;11.7
6175709;11.8
6168404;13.5
6213274;11
6218629;14.5
6218637;12
6205114;14
6213151;12
5845418;1.401.548.052
6219485;1.329.108.033
6208642;12.5
6224370;12
6237224;12
6237232;12
6237963;12
6213721;13
6205933;14.5
6206679;15
6225487;15
6205697;14.5
6200233;10
6189411;10
6206809;13.45
6206817;13.6
6164727;1.329.108.033
6220845;15
6218145;1.329.108.033
6222786;16
6210375;16.5
6210383;16.5
6269474;13.5
6202689;21.6
6227253;10
6227254;10
6215071;14.5
6218849;14
6212421;15
6213083;1.329.108.033
6222385;11.5
6234378;14
6172688;12
6172696;11.8
6212676;1.329.108.033
6212684;1.329.108.033
6215421;12
6215429;12
6213307;10.2
6213315;10.8
6241893;10
6204905;22
6212961;25
6212969;25
6212977;25
6239061;11
6217647;1.329.108.033
6217646;20
6252977;19.7
5845740;1.173.571.429
6179242;11.7
6232649;12
6218207;10
6225780;10.5
6217168;10
6235364;11
6230476;11
6231033;11
6218231;14.8
6222848;12
6214253;14.5
6213391;22
6201339;14.2
6215113;1.329.108.033
6213419;22
6213420;22
6159570;13.5
6215412;1.221.954.023
6215061;14
6241720;11.5
6214261;12.5
6214271;12.5
6219136;13
6228438;11.5
6219213;16.8
6215130;14.6
6215133;14.6
6215141;14
6223274;9.2
6214279;14
6214281;13
6214289;13
6214297;13
6217561;130.798.916
6220453;16
6235137;11.5
6236424;11.5
6246411;11.5
6251361;11.5
6245473;11
6297575;5
6254383;12
6254391;12
6219109;10
6223067;10.6
6245568;6.2
6170239;14
6251395;12
6238183;12
6238227;12
6238191;7
6229639;1.221.954.023
6237241;13.5
6204907;22
6204915;22
6204923;22
6215723;15
6215879;14
6227082;15
6227501;14.5
6387136;12.5
6233492;14
6233493;14
6243973;18.5
6222099;19.5
6220557;130.798.916
6223830;19.1
6241781;1.329.108.033
6222463;22
6237233;13.5
6222584;1.329.108.033
6222592;12
6222101;22.9
6243981;1.862.916.667
6227509;8.4
6224163;19.7
6213399;22.9
6206151;16
6254399;12
672815;20
6298166;1.329.108.033
6263161;11.5
6274479;11.5
6229571;12
6226086;12
6227456;1.221.954.023
6230686;18
6195689;13.7
5845748;1.173.571.429
6222394;20
6222404;20
6222412;20
6222413;20
6258267;1.329.108.033
6258275;1.329.108.033
6218516;14
6233501;11.5
6222359;16
6222361;16
6222369;15.5
6305361;11
6213383;19
6225495;15
6229177;16
6302374;130.798.916
6217655;20
6229987;1.329.108.033
6272267;19.7
6220021;21.6
6221220;13
6225763;16
6219537;13
6214776;12.5
6248799;14
6226867;13
6235381;10.5
6237971;10.5
6234231;1.329.108.033
6224179;25
6224171;25
6206159;16
6228755;21.5
6271160;11.5
6218621;13.5
6218645;13.5
6124425;2.198.295.918
6191535;13.3
6142485;130.798.916
6142494;15
6156184;14.5
6156193;15
6150391;16.5
6152744;130.798.916
6108421;1.862.916.667
6134516;14
6141023;15
6147711;20
6132626;2.198.295.918
6132627;2.198.295.918
6132635;2.198.295.918
6141006;2.198.295.918
6141007;2.198.295.918
6132618;2.198.295.918
6190512;1.329.108.033
6260203;12
6222535;15
6222543;15
6251072;10
6251062;10
6231487;10
6231495;10
6188982;15
6102021;2.198.295.918
6096784;2.198.295.918
6179250;12
6124433;2.198.295.918
6179258;12
6217716;1.329.108.033
6142400;130.798.916
6239799;1.329.108.033
6239802;1.329.108.033
6229856;16.5
6229864;16.5
6230607;18
6230615;19.25
6234918;16.5
6227440;13
6227448;13
6227863;12.5
6275369;20
6059816;1.329.108.033
6246997;1.329.108.033
6239454;8.8
6064782;1.329.108.033
6223492;14
6233787;24.5
6233795;24.5
6233805;24.5
6233813;24.5
6240034;1.329.108.033
6250759;11
6231349;13
5845729;1.173.571.429
6261105;17
6245498;11
6245506;11
6245507;11
6250522;10.5
6242487;9.6
6242495;13.9
6261682;12.5
6261690;12.5
6214784;12.5
6161385;12
6143435;8.4
6153063;10
6156855;10.9
6162620;13
6115099;209.871.028
6159855;209.871.028
6162497;15.2
6113033;209.871.028
6108429;1.862.916.667
6124871;16
6101799;8.2
6151271;209.871.028
6132237;209.871.028
6126971;13
6168300;13.6
6126979;12.7
6157532;11
6149201;5.4
6149411;13
6142940;1.329.108.033
6149403;13
6126945;8
6162611;13
6119310;12.8
6126927;13.2
6126937;13.2
6126996;11
6127006;13.2
6146073;6
6152777;13
6147519;209.871.028
671647;16
6185628;14.5
6092533;2.198.295.918
6140499;13.3
6162534;17.5
6165230;1.329.108.033
6175953;15
6178730;13.8
6178733;13.9
6178913;12.5
6178965;13.7
6185462;11
6186082;12.3
6187910;14
6219518;12
6117727;13.5
6158463;12
6241301;10
6183435;17
6237208;19.75
6224491;19.5
6224499;19.5
6232671;20
6232679;20
6226173;19.5
6228325;19.5
6128234;209.871.028
6128242;209.871.028
6196297;1.329.108.033
6156262;12
6164726;1.329.108.033
6248427;13
6244707;15.5
6234552;15
6234553;15
6250366;12.5
6250367;12.5
6239311;12
6242589;13
6249783;13
6249791;13
6249799;13
6249802;130.798.916
6247512;12.5
6247513;11
6247521;9.5
6247529;9.5
6247539;12.5
6247541;9.5
6247549;12.5
6247557;12.5
6213704;209.871.028
6241085;14
6241077;1.401.548.052
6239287;14
6274481;11.5
6334429;11.5
6217305;11.5
6217307;11.5
6240997;1.329.108.033
6241000;1.329.108.033
6230850;13.5
6230858;13.5
6218647;1.401.548.052
6239217;15
6240484;12.3
6233242;23
6237695;12
6234536;18
6234544;18
6225737;13
6225727;13
6274513;11
6229299;7.4
6239462;1.329.108.033
6246331;13.5
6247598;13.5
6246335;13.5
6242372;12
6242373;12
6242381;12
6242389;12
6242397;12
6242401;12
6242409;12
6254199;15
6238053;21.8
6238061;21.8
6238071;21.8
6238079;21.8
6238081;21.8
6247147;10.5
6255922;130.798.916
6243403;14
6220890;13
6220898;13
6220906;13
6220907;13
6233121;21.6
6222109;21
6222117;22.9
6245175;11.5
6245183;11.5
6250530;10.5
6246437;11.5
6236217;17.7
6236225;17.7
6262040;11.5
6218333;14
6237721;12
6241180;1.401.548.052
6243773;16
6264781;16
6238707;16
6238113;14.5
6262709;10
5845549;1.173.571.429
5845557;1.173.571.429
6246419;15
6246421;15
6265117;1.221.954.023
6240517;17
5845574;1.173.571.429
5845480;1.173.571.429
5844197;12
6230257;22
6230265;21
6256108;14
5845529;8
6195697;13.7
6221561;12
6221569;12
6241339;15.5
6241341;15.5
6240345;11
6248521;10.7
5845582;1.173.571.429
6237659;11
6140145;18
6154852;24
6154853;24
6188965;1.329.108.033
6190582;6.6
6232624;20
6232632;20
6212377;14
6247740;14.5
6195661;12.7
6225665;130.798.916
6212136;16
6158568;14
6175441;23.5
6175433;23.5
6335440;13.5
6237660;11
6260847;8
6243295;12
5845488;1.173.571.429
5845496;1.173.571.429
5845504;1.173.571.429
6237678;11
6237670;11
6237686;12
6250960;12
6250968;12
6250976;12
6208495;15
6170869;12
6176578;15
6132245;209.871.028
6172712;10.5
6146074;12
6210847;13.5
6215819;12
6204459;11.8
6146514;1.329.108.033
6179225;12
6208487;13.1
6150480;13.2
6192453;16.625
6162619;13.5
6185644;1.329.108.033
6179233;12.5
6215811;12
6161853;14
6164170;14
6166656;20
6172704;12
6204461;11.8
6178941;16
6172518;1.329.108.033
6104351;209.871.028
6230866;13.5
6240476;12.3
6233777;22
6233785;22
6250533;10.5
6244427;1.401.548.052
6244435;1.401.548.052
6341855;17
6372309;17
6260211;1.221.954.023
6240337;23
6232417;18.5
6232425;18
6273263;13.5
6268435;12.5
6252568;12
6293018;1.329.108.033
6232722;12
6243774;16
6264789;16
6244073;16
6245551;16
6244673;16
6236919;20
6222421;20
6241327;20
6252429;12
6136817;16.625
6255445;13.5
6255447;14.5
6258491;130.798.916
6250541;10.5
6256507;13
5846036;1.173.571.429
6250055;10.5
6298521;10.5
5846271;10
6334611;12.7
6254907;13.1
6252482;14.5
6252490;14.5
6237711;11.5
6237719;12
6250074;14.5
6245321;10.5
6245329;10.5
6245335;10.5
6245343;10.5
6275873;15.5
6248601;16
6273117;16
6249507;16
6245715;11.5
6245723;11.5
6245731;11.5
6245734;11.5
6245742;11.5
6205705;14.5
6239861;22.87
6239871;22.99
6221107;19.5
6221115;19.5
6240719;1.852.122.302
6246599;19.5
6246603;19.5
6235240;19.5
6237069;19.5
6239295;16.5
6262195;14.5
6255210;15
6253479;13.9
6253481;13.9
6296051;13.5
6296059;13.5
6250812;12
6250804;13
6250794;12
6250813;12
6251621;13.5
6251872;13.5
6251881;13.5
6251889;13.5
6325877;13
6325885;13
6248365;16
6248373;16
6248374;16
6248357;11.5
6260497;13
6312387;12
6281345;13.5
6255421;14.5
6254915;14.9
6254923;14.9
6265364;12
6125358;209.871.028
6141633;17
6240686;14.5
6240687;14.3
6248723;1.173.571.429
6246255;12
6246263;1.329.108.033
6246273;1.329.108.033
6246274;1.329.108.033
6255629;1.221.954.023
6333217;14
6320273;15.5
5982091;19
6257863;1.329.108.033
6251873;13.5
6254418;13.5
6254426;13.5
6254427;13.5
6291025;1.329.108.033
6291033;1.329.108.033
6234561;15
5843291;1.173.571.429
5845842;7
5845850;7
6316961;1.329.108.033
6262048;11.5
6311074;14
6355241;12
6250549;10.5
6250557;10.5
6255437;18
6126279;209.871.028
6255560;13.7
6255568;14
6324797;13.5
6324801;13.5
6262629;1.221.954.023
6262637;12
6278196;1.329.108.033
6259048;1.329.108.033
6234317;28.5
6234325;28.5
6250565;10.5
6241687;24
6249679;27
6252455;27
6329925;13
6288808;20.8
5846028;7
6319796;16
6319806;13.5
6441571;1.401.548.052
6441579;13
6250090;15
6250098;15
6257159;13.5
6257160;13.5
6250436;25
6248803;12
6255455;14.5
6255463;14
6255473;12
6243303;12
6355249;13.5
6240525;17
6274514;11
6274522;11
6274533;11
6274549;11
6274557;11
6248451;22
6248459;21
6292089;13.5
6291911;20.3
6278057;11.1
6236189;24.5
6248349;11.5
6314533;130.798.916
6130133;209.871.028
6130130;209.871.028
6152229;209.871.028
6152237;209.871.028
6128266;209.871.028
6128258;209.871.028
6126281;209.871.028
6334985;12
6245559;16
6245560;16
6256323;15
6278033;10
6281305;10
6344713;1.221.954.023
6344721;1.221.954.023
6344729;1.221.954.023
6251966;15
6282561;15
6312806;11.7
6290209;10
6290217;1.221.954.023
6335536;10
6332114;1.221.954.023
6267342;1.329.108.033
6268271;15
6268261;15
6362942;17
6248141;12.5
6262523;11
6274367;12
6274984;18
6274992;18
6269141;15.5
6252308;21.6
6262222;13.5
6262230;13.5
6282438;13
6282446;13
6282447;13
6285102;13.9
6285110;13.9
6258049;23
6264431;10.5
6264439;10.5
6289127;10.5
6306412;10.5
6286805;1.221.954.023
6286807;12.5
5846279;10
6243599;27.5
6286364;13.5
6286372;13
6339564;13.8
6339572;1.329.108.033
6271984;14.5
6271992;14.5
6285955;12
6269568;11.5
6273392;1.173.571.429
6251698;19.5
6262654;18
6269803;18
6279417;13.6
6342032;12
6342033;12
6342041;12
6342049;12
6342057;12
6342065;12
6227614;11
6278926;11
6278927;11
6324501;11
6255957;20.3
6278241;14
6377526;14
6360104;14
6352617;13.5
6352625;13.5
6254811;15
6265927;21.7
6266767;12.5
6252332;21.5
6285118;14.3
6285126;13.9
6285163;13.9
6294850;14.5
6323737;16
6222447;16
6222455;15.4
6326373;13
6298191;15
6298199;15
6298203;1.221.954.023
6271499;15
6274452;16
6275281;13.3
6275289;13.3
6394596;14.5
6276899;13
6394606;13.5
6348103;13
6348111;13
6362019;13
6248304;24
6269543;24
6276901;13
6276909;13
6276917;13
6276925;13
5846365;1.173.571.429
6271237;13.6
6312876;13.7
6269343;15.5
6269351;15.5
6269359;15.5
6269361;15.5
5846259;1.173.571.429
6250567;10.5
6209139;10.5
6209141;10.5
6209149;10.5
6320282;1.173.571.429
6280515;17
6280523;17
6254819;15
6266775;10.9
6280531;17
6280534;17
6280542;17
6280550;17
6280558;17
6249393;130.798.916
6273169;11
6280566;17
6321345;11
6360767;130.798.916
6266347;15
6285597;14
6285601;14
6263517;8
5845797;1.173.571.429
6285609;14
6285617;14
6275430;1.173.571.429
6292666;10
6292672;1.329.108.033
6209157;10.5
6285171;13.9
6279178;13.5
6363113;13.5
6370263;1.401.548.052
6370275;1.401.548.052
6260123;1.852.122.302
6279520;14
6279528;14
6279538;14.5
6279546;14
6279547;14
6377527;14
6377537;14
6292775;13.7
6292783;1.221.954.023
6345488;12
6345496;12
6345504;12
6371631;16
6275621;1.401.548.052
6297895;6
6285249;13.9
6285257;13.9
6246282;12
6361712;12
6361739;12
6269811;18
6292658;1.329.108.033
6284326;13
6284327;13
6296129;13
6296503;12
6296511;13
6371639;16
6336849;1.329.108.033
6362950;17
6284911;13.3
6284919;13.5
6275535;1.329.108.033
6431891;12.5
6286373;13
6307328;1.329.108.033
6307334;1.329.108.033
6278456;18
6278464;18
6278467;18
6278475;18
6278483;18
6275629;20
6278499;18
6294946;18
6294947;18
6294955;18
6241093;1.852.122.302
6255933;20.4
6275551;20.4
6318395;1.852.122.302
6254089;1.852.122.302
6259762;1.852.122.302
6267530;1.852.122.302
6257115;1.852.122.302
6260453;1.852.122.302
6327306;20
6344086;19.75
6346917;19.75
6400352;19.5
6265301;15
6320769;20
6316805;20
6275253;19.7
6283518;19.75
6327307;20
6327875;20
6258057;22.9
6283152;18
6283153;18
6296401;12
6296409;12.5
6299329;16.1
6299377;16.1
6341899;16
6319694;14
6364752;20.15
6365370;20.15
6375176;1.329.108.033
6325069;11.5
6337125;12.5
6291087;13.5
6389241;13.5
6301801;14
6381813;1.329.108.033
6387347;1.329.108.033
6390791;1.329.108.033
6380662;13
6380668;13
6240615;19.5
6286311;14.5
6326321;15.4
6280221;12.3
6280229;12.3
6320255;15.3
6362021;13
6287298;13
6287306;13
6287307;13
6287315;13
6287323;13
6287331;13
6287337;13
6287345;13
6295503;24.5
6304193;13
6321951;9.8
6379317;1.401.548.052
6376076;13.5
6381664;1.401.548.052
6438623;14
5846374;10
6278937;11
6324537;11.7
6352792;11.6
6352793;11.6
6353589;1.329.108.033
6353597;14
5846061;1.173.571.429
6327607;15.5
6327615;15.5
6301963;15
6301971;15
6301979;15
6301981;15
6296433;1.852.122.302
6247565;1.221.954.023
6307217;1.221.954.023
6307225;1.221.954.023
6307233;1.221.954.023
6307234;1.221.954.023
6353503;13.5
6353511;13.5
6388146;10
6388147;13.5
6290225;10.5
6290233;10.5
6290234;10.5
6290242;10.5
6290250;10.5
6288781;15
6288789;15
5846487;10
6338241;10.5
6209165;10.5
6377185;12
6383007;12
6276421;1.852.122.302
6405129;15.7
6320481;11
6330878;19.5
6289511;1.852.122.302
6330870;19.5
6296767;8
6370247;12
6252316;22
6284695;15.5
6284703;15.5
6284711;15.5
6290477;18
6290485;17.5
6351851;14.5
6338415;1.329.108.033
6338423;1.329.108.033
6338431;12
6278065;18
6338379;11
6338380;1.401.548.052
6286641;16
6298635;17.5
6284739;12
6284740;12
6369735;13.3
6369743;14
6298643;18.9
6295763;1.401.548.052
6305455;14
6371100;11
6371108;11
6302409;10.5
6344739;1.221.954.023
6299473;11
6299474;11
6310298;1.173.571.429
6336763;12
6324919;12.5
6324920;12.5
6316308;1.401.548.052
6316316;14
6310969;14
6310977;14
6364822;1.401.548.052
6364830;16
6333905;1.401.548.052
5846443;1.173.571.429
5846529;1.173.571.429
6234327;28.5
6234337;28.5
6283255;22.2
6299482;11
6299490;11
6252324;22
6288655;13.5
6288663;13
6333225;14
6307342;1.329.108.033
6307350;1.329.108.033
6255965;22
6333157;12.5
6233814;24.5
6305674;24.5
6305682;24.5
6305690;24.5
6295841;14
6308837;1.329.108.033
6408371;14
6305463;14
6344457;10.1
6290493;17.5
6306506;17.5
6414998;18.5
6350373;16
6209173;10.5
6320229;1.173.571.429
6339971;14
6339979;14
6338406;14
6338407;14
6371761;1.329.108.033
6374993;1.329.108.033
6385310;1.329.108.033
6364838;1.401.548.052
6364846;16
6281143;13
6292828;14
6322031;14.5
6322039;14.5
6310701;16
6310863;16
6310867;16
6310875;16
6304813;16
6310883;16
6310891;16
6310899;16
6310900;16
6310908;16
6310916;16
6357165;14.5
6333096;14.8
6333104;12
6284337;14
6345920;14
6338233;10.5
6306369;18
6306377;1.329.108.033
6346157;10.5
6310091;16.5
6245535;19.5
6245543;19.5
6316040;16
6316048;16
6283371;12
6283379;12
6286737;22
6436647;14.5
6418575;13
6429931;13.5
6325695;15
6325703;15
6384469;11.5
6345617;11.5
6372386;1.221.954.023
6375405;1.221.954.023
6380075;12.85
6385590;1.221.954.023
6310733;1.401.548.052
5846718;1.173.571.429
6282499;13.7
6308958;13.7
6308966;13.7
6308967;13.7
6313644;17
6313652;17
6390010;13
6424619;12
6424621;12
6419735;12
6419743;12
6370267;1.401.548.052
6370283;1.401.548.052
6417474;14
6417482;14.5
6312137;18
6371169;13
6359873;10
6376422;12
6358732;14
6345601;11.5
6345609;11.5
6388833;15
6401195;15
6401214;15
6322065;13
6322068;14
6423387;12
6326786;12
6317493;1.329.108.033
5846831;1.401.548.052
6381493;1.329.108.033
6320437;14
3271928;25
3271938;25
6431185;11.2
6537045;130.798.916
6312352;13
6312353;13
6312593;21
6312594;21
6312604;21
6312612;21
6312613;21
6312621;21
6327570;12
6317492;1.329.108.033
6385877;12
6385885;14.5
6290258;10.5
6297860;1.329.108.033
6330234;15.5
6322084;19
6135807;130.798.916
6290266;10.5
6394801;10
6399561;10
6399569;10
6418675;13
6405111;1.329.108.033
6460470;11.5
6370412;13
6292044;19.5
6292052;20
6342849;12
6342857;12
6372646;8
6358751;15
6358759;15
6358735;18
6358743;17
6376007;12
6321935;16.5
6384449;10
6388842;12
6334636;12.3
6295703;19
6295711;18.5
6404434;15.5
6327985;1.401.548.052
6335935;1.221.954.023
6335943;14
6320489;15
6316917;13.6
6338249;10.5
6372728;130.798.916
6395042;13.5
6333897;15
6352097;10.5
6365735;10.8
6319901;19.6
6330773;1.173.571.429
6335004;16
6335012;16
6373291;10.5
6364306;15
6364307;15
6364315;15
6364323;15
6408139;14
6375732;12
6364030;14
6364038;14.5
6389239;11.4
6389268;10.3
6350339;12
6528559;1.329.108.033
6350469;13
6355269;11
6352872;13.5
6352873;13.5
6352881;13.5
6352889;13.5
6327822;11.5
6327830;11.5
6327838;11.5
6327846;11.5
6319909;19.6
6374566;1.401.548.052
6374567;1.401.548.052
6380498;14.8
6380506;14.8
6378833;13.7
6378885;13.7
6328561;1.221.954.023
6383953;1.221.954.023
6344878;18.5
6344886;18.5
6346857;18.5
6346865;18.5
6345512;12
6374091;12
6345541;13
6338711;16
6372655;8
6345050;1.173.571.429
6462323;1.329.108.033
6395050;13.5
6341013;15
6378163;14.2
6378171;14.2
6412151;14.5
6412159;14.5
6455704;10
6455712;10
6474573;10
6507257;13
6275881;18.5
6353280;15
6353288;15
6352219;17.5
6352236;17.5
6418323;19.9
6418331;1.852.122.302
6418335;1.852.122.302
6422107;1.852.122.302
6422115;1.852.122.302
6369054;11
6511941;1.221.954.023
6331341;13
6331349;13
6359377;17
6359385;17
6359387;17
6359395;17
6383015;16.6
6404990;1.329.108.033
6408493;1.329.108.033
6408338;1.329.108.033
6378553;16
6350888;23.9
6378179;14.2
6336264;12
6336267;12
6384320;14.5
6363853;15.5
6363905;15.5
6363914;15.5
6363933;15.5
6386061;16.1
6386071;16.1
6386079;16.1
6386081;16.1
6367636;19.5
6367957;17
6367965;17
6367973;17
6367974;17
6367982;15.8
6393321;1.221.954.023
6409703;10
6409711;10
6409719;10
6410922;12
6334124;1.852.122.302
6455217;1.329.108.033
6450791;1.329.108.033
6440909;10
6440917;10
6440925;10
6440927;10
6440937;10
6440945;10
6440953;10
6440954;10
6440962;10
6440970;10
6389572;11
6389573;11
6389581;11
6389589;11
6391825;14
6364331;16
6380995;15.3
6381005;15.3
6381013;15.3
6381014;15.3
6381022;15.3
6381030;15.3
6365691;16
6325937;14
6429192;15
6389597;11
6389601;11
6389609;11
6389617;11
6389625;11
6389633;11
6406219;16.2
6400084;14.6
6384757;14
6370482;20
6395955;15
6395963;15
6404597;30.5
6404705;30.5
5862983;1.401.548.052
6383528;10.5
6383538;10.5
6383546;10.5
6383547;10.5
6383555;10.5
6408485;7
6369845;13
6426301;13.5
6390182;15.3
6390190;23.75
6394580;15.1
6394588;15.5
6389188;12
6389196;12
6410723;12.5
6410731;12.5
6395208;1.401.548.052
6401883;1.221.954.023
6407065;10
6398906;10
6398907;10
6406841;10
6398915;1.221.954.023
6398923;10
6389808;22
6413435;1.401.548.052
6397531;1.401.548.052
6401631;14.07
6401639;10.5
6392513;15
6401899;14.9
6395232;1.329.108.033
6382423;17
6436979;10.5
6359915;1.329.108.033
6450820;11
6490215;11
6397835;17.5
6438303;10
6398931;10
6417799;1.221.954.023
6402553;15.5
6336101;13.5
6396881;24.21
6395660;13
6457593;11.5
6399211;11.5
6392019;12
6408606;10.5
6399220;11.5
6399219;11.5
6399228;11.5
6399236;11.5
6399244;11.5
6399252;11.5
6461190;11.5
6434662;1.329.108.033
6435899;1.329.108.033
6406781;16
6406789;16
6395233;1.329.108.033
6430145;15.4
6430153;15.4
6408607;10.5
6418916;1.401.548.052
6407893;1.401.548.052
6389816;22
6420634;1.173.571.429
6416203;10
6416211;10
6411303;10
6414348;1.329.108.033
6361729;12
6409739;16
6409197;10.8
6412479;11.5
6412481;11.5
6147126;1.329.108.033
6411173;12.5
6411174;12.5
6416950;15
6170663;1.329.108.033
6409033;15
6409034;15
6404600;21.8
6414649;1.329.108.033
6408615;10.5
6412522;13.5
6410930;1.221.954.023
6420650;10
6426999;10
6427011;10
6427003;10
6410775;1.401.548.052
6409773;15
6409781;15
6416391;1.329.108.033
6409834;130.798.916
6414372;10.5
6414373;10.5
6416399;15.5
6415001;13
6421198;18
6415350;1.401.548.052
6345938;1.221.954.023
6418193;13.5
6458619;15
6413150;15
6416367;12
6442001;13
6433934;130.798.916
6429553;1.401.548.052
6400353;19.5
6416673;15
6416682;15
6416674;15
6404632;19.5
6416659;12
6419923;16
6419931;16
6433041;15
6418515;1.401.548.052
6411799;15.8
6452960;1.173.571.429
5847693;1.173.571.429
5847701;1.173.571.429
6421714;1.329.108.033
6422898;15.4
6427019;10
6427020;10
6427028;10
6427036;10
6427044;10
6427052;10
6427053;10
6421697;12
6417523;19.5
6417515;19.5
6426033;1.329.108.033
6425055;10
6426041;1.329.108.033
6420218;1.401.548.052
6429561;15.4
6430006;10
6430007;10
6430015;10
6430023;10
6430031;10
6430041;10
6430049;10
6430057;10
6430065;10
6430068;10
6430076;10
6501248;1.221.954.023
6501256;1.221.954.023
6501264;1.221.954.023
6345928;1.221.954.023
6426077;10
6426966;10
6422245;13
6422253;13
6417359;19.5
6417351;19.5
6459063;1.401.548.052
6463305;12
6416609;19.5
6416617;19.5
6416625;19.5
6416627;19.9
6422366;10.5
6383563;10.5
6425315;10.5
6425307;10.5
6440264;7
6419724;19.5
6423543;19.5
6424883;19.5
6433344;1.221.954.023
6446816;1.329.108.033
6421705;12
6419732;19.5
6203557;10
6427783;16
6414329;1.173.571.429
6424592;21.7
6431856;1.329.108.033
6419691;18
6366309;22
6437401;22
6422661;1.852.122.302
6418644;1.852.122.302
6420519;1.401.548.052
6424523;19.5
6424531;19.5
6426682;19.5
6436155;13
6436147;13
6422281;1.852.122.302
6422289;19.5
6441596;1.401.548.052
6422724;19.5
6422732;19.5
6425935;19.5
6425943;19.5
6435204;1.329.108.033
6435213;1.329.108.033
6435212;1.329.108.033
6432686;13
6430647;19.5
6430937;12.6
6422399;1.173.571.429
6422403;1.173.571.429
6424995;21.5
6425005;1.852.122.302
6302689;130.798.916
6458969;1.329.108.033
6418636;1.852.122.302
6490223;11
6428977;16
6436980;10.5
6430655;10.5
5827611;1.329.108.033
6440301;1.329.108.033
6434753;12.6
6478064;16.4
6438835;15.5
6438843;1.329.108.033
6462297;17
6419683;10
6455087;18.3
6427820;21
6455095;18.3
6409357;22
6463524;17.3
6425683;18
6449887;1.329.108.033
6424474;1.852.122.302
6438641;1.329.108.033
6443032;12
6441493;11
6436094;12
6522900;19.8
6436163;13
6446504;1.329.108.033
6432825;15
6437458;13.6
6437466;13.8
6436171;13
6436065;12.5
6450581;1.329.108.033
6450589;1.329.108.033
6450597;1.329.108.033
6450601;1.329.108.033
6450609;1.329.108.033
6450650;1.329.108.033
6450658;1.329.108.033
6450666;1.329.108.033
6450672;1.329.108.033
6450673;1.329.108.033
6450681;1.329.108.033
6450689;1.329.108.033
6450697;1.329.108.033
6450705;1.329.108.033
6434823;1.173.571.429
6433585;16.625
6441389;14.5
6438588;14
6437469;14.7
6449294;12.5
6449302;12.5
6449310;12.5
6435916;1.401.548.052
6463975;1.401.548.052
6449318;12.5
6445060;1.401.548.052
6455773;15.4
6448809;1.221.954.023
6452915;1.221.954.023
6431355;1.401.548.052
6431363;1.401.548.052
6440076;1.401.548.052
6440068;1.401.548.052
6451599;11.5
6443877;1.329.108.033
6439687;1.173.571.429
5848069;7
6441684;1.329.108.033
6456333;1.329.108.033
6424482;1.852.122.302
6424490;19.9
6424498;19.9
6449739;1.401.548.052
6436464;1.852.122.302
6436467;1.852.122.302
6443687;1.401.548.052
6438639;1.329.108.033
6467398;6
5848058;1.173.571.429
5848050;1.173.571.429
6436963;13
6442103;1.329.108.033
6442111;1.329.108.033
6436971;1.852.122.302
6433369;19.5
6437023;14.5
6437031;14.5
6437039;14.5
6437041;14.5
6433361;21
6437205;19.5
6436695;19.5
6435785;18
6426958;1.852.122.302
6427097;1.852.122.302
6407178;19.5
6407186;19.5
6404633;19.5
6468579;1.329.108.033
6443341;15
6443268;1.401.548.052
6444827;12
6444835;15.3
6449627;1.329.108.033
6441424;1.401.548.052
6460141;1.221.954.023
6458661;1.221.954.023
6458653;1.221.954.023
6444381;1.173.571.429
6443382;15
675011;18
6457637;13.2
6457645;13.2
6457653;13.2
6457654;13.2
6457662;13.2
6457672;13.2
6457673;13.2
6457681;13.2
6440839;17
6443658;1.401.548.052
6443085;1.173.571.429
6441246;21
6456999;13.5
6457003;1.852.122.302
6232730;12
6439103;1.329.108.033
6461714;17
6445765;15.2
6450853;1.401.548.052
6450861;1.401.548.052
6451393;1.329.108.033
6446574;20
6454286;1.401.548.052
6458985;13
6441195;18
6460044;1.401.548.052
6453011;1.401.548.052
6443625;19.2
6449200;15
6455981;1.329.108.033
6447726;1.401.548.052
6449357;130.798.916
6459307;130.798.916
6519787;12
6519795;1.329.108.033
6454295;15
6452272;21
6456220;17.6
6456228;14.5
6451260;16
6451259;16
6468442;10
6468450;10.5
6426673;1.401.548.052
6454957;9
6449938;18
6473997;1.329.108.033
6439817;1.852.122.302
6452082;1.173.571.429
6455035;1.852.122.302
6468495;13.8
6458161;1.401.548.052
6455428;1.401.548.052
6476350;16
6504581;10.5
6504573;10.5
6475018;1.401.548.052
6456966;16
6456950;16
6456958;16
6456054;1.173.571.429
6456062;1.173.571.429
6513004;12
6461741;15
6461749;15
6510281;15
6455250;22.6
6463821;1.401.548.052
6459021;1.329.108.033
6459029;1.329.108.033
6459037;1.329.108.033
6459045;1.329.108.033
6484604;23.5
6484524;23.5
6462315;1.329.108.033
6508941;1.329.108.033
6508949;18.3
6508957;1.329.108.033
6508965;1.329.108.033
6464177;16.5
6456330;1.173.571.429
6473989;1.329.108.033
6426663;1.401.548.052
6490093;10
6453459;19.5
6453460;19.5
6477134;12.5
6468896;1.329.108.033
6468904;1.329.108.033
6490094;10.5
6469790;13
6461871;14
6463958;15
6465777;1.173.571.429
6455051;1.852.122.302
6455059;15
6455060;19.5
6455070;15
6454941;1.329.108.033
6454949;15
6490265;12
6438825;19.5
6356365;12
6438827;1.852.122.302
6464490;18.1
5763871;1.329.108.033
6469119;1.401.548.052
6461335;19.5
6461343;14
6465838;1.329.108.033
6468503;13.8
6468511;13.8
6462479;16
6473919;13.8
6469419;1.401.548.052
6488985;1.329.108.033
6476307;2.198.295.918
6464864;12.6
6464867;12.6
6473979;13.8
6473920;13.8
6482523;1.401.548.052
6468810;2.198.295.918
6467747;1.173.571.429
6476143;12.5
6474165;10.5
6479282;10.5
6486388;10.5
6486396;10.5
6497147;10.5
6480021;12
6477142;14.5
6478864;1.329.108.033
6478867;1.329.108.033
6495807;1.329.108.033
6465169;22
6471844;1.401.548.052
6497988;1.173.571.429
6473565;1.173.571.429
6460097;19.75
6460105;19.75
6460113;19.75
6460114;19.75
6183479;2.198.295.918
6464848;1.173.571.429
6495371;13
6458013;19.5
6495786;1.329.108.033
6495787;1.329.108.033
6472323;16
6476575;20
6495795;1.329.108.033
6458014;19.5
6471672;19.5
6471673;19.5
6474572;1.173.571.429
6473643;14
6473651;14
6501267;1.221.954.023
6501275;1.221.954.023
6472993;15
6472994;1.852.122.302
6524857;13.5
6488987;18.2
6491771;12
6503451;1.329.108.033
6469277;16.625
6497979;1.173.571.429
6213817;15.6
6484823;1.401.548.052
6405859;13.5
6332503;23
6332511;2.198.295.918
6467486;1.852.122.302
6467478;1.852.122.302
6481183;1.401.548.052
6481175;1.401.548.052
6504339;1.401.548.052
6504341;1.401.548.052
6505453;14
6456967;16
6496639;16
6496640;16
6501694;1.401.548.052
6491458;19.5
6485222;1.401.548.052
6487500;1.401.548.052
6494057;1.329.108.033
6473573;1.173.571.429
6486484;1.401.548.052
6485977;14.16
6483475;13
6483483;13
6483448;13
6483491;13
6483456;13
6483499;13
6483464;13
6483501;13
6483467;13
6483509;13
6496345;14
6516643;12
6493605;1.329.108.033
6489441;16
6491125;1.221.954.023
6491127;1.221.954.023
6502545;13
6502547;1.221.954.023
6485925;11
6501665;10
6510760;10
6488969;1.401.548.052
6488977;1.401.548.052
6495867;12.6
6482534;19.5
6508235;1.329.108.033
6501710;1.852.122.302
6490728;1.852.122.302
6518437;10
6488246;1.852.122.302
6488247;15.3
6497738;1.329.108.033
6495177;1.401.548.052
6499436;10
6502555;12
6502563;13
6507008;21.8
6518187;1.173.571.429
6509233;130.798.916
6509225;13
6505567;1.329.108.033
6494747;1.401.548.052
6483297;1.173.571.429
6505129;1.173.571.429
6501726;1.329.108.033
6497398;1.329.108.033
6489509;12
6501771;1.329.108.033
6501283;1.221.954.023
6501291;1.221.954.023
6536143;1.221.954.023
6536151;1.221.954.023
6506160;1.852.122.302
6506168;1.852.122.302
6503391;1.401.548.052
6509627;15.1
6509635;15.1
6502129;21
6502139;21
6514341;18
6514349;1.852.122.302
6509481;16
6509489;16
6409427;22
6502494;1.401.548.052
6502493;1.401.548.052
6502485;1.401.548.052
6487447;18.6
6508173;16
6496001;22.5
6508730;16
6496911;21
6496919;21.1
6507945;1.329.108.033
6519683;1.401.548.052
6510045;12.6
6507357;14
6507365;1.401.548.052
6510314;1.401.548.052
6507373;1.401.548.052
6510313;1.401.548.052
6510322;1.401.548.052
6505705;13
6507495;20.8
6507511;20.8
6455825;10
6515929;13
6515939;1.329.108.033
6523082;1.401.548.052
6523090;1.401.548.052
6509103;2.198.295.918
6500464;19.5
6500467;19.5
6500475;19.5
6500439;1.852.122.302
6500483;19.5
6500491;1.852.122.302
6500440;1.852.122.302
6500499;1.852.122.302
6500448;1.852.122.302
6507016;22.7
6510053;13
6505888;19.5
6513106;1.401.548.052
6500016;13.1
6500180;15.1
6500188;15.1
6500196;15.1
6513869;15
6513885;1.329.108.033
6513877;1.329.108.033
6501049;130.798.916
6505896;19.5
6518361;13
6556025;13.8
6514304;12
6515376;27
6511227;13
6508641;1.173.571.429
6513625;19.5
6513627;1.852.122.302
6517950;13.4
6512245;1.852.122.302
6512247;1.852.122.302
6512255;19.5
6512263;19.5
6512351;1.852.122.302
6519492;1.852.122.302
6519484;1.852.122.302
6516428;1.329.108.033
6513971;1.401.548.052
6513979;1.401.548.052
6513981;1.401.548.052
6513989;1.401.548.052
6516906;12.6
6518332;11
6518335;11
6528987;1.329.108.033
6540549;25
6544077;2.198.295.918
6516090;1.852.122.302
6516063;7.4
6505384;1.852.122.302
6516419;1.852.122.302
6522169;1.329.108.033
6522047;2.198.295.918
6524422;13
6524430;13
6527516;13.5
6521105;12
6527524;130.798.916
6509972;18.6
6523211;11
6523219;11
6518762;1.329.108.033
6536161;10
6536159;10
6522805;1.329.108.033
6531264;1.329.108.033
6527352;14.4
6512752;13.5
6525205;1.401.548.052
6531187;19.5
6518875;19.5
6531195;19.5
6520236;18
6511259;1.852.122.302
6523439;1.852.122.302
6530501;15
6527475;19.5
6527467;1.852.122.302
6562149;15
6523667;1.173.571.429
6531693;1.329.108.033
6518067;16
6518075;1.401.548.052
6549214;1.221.954.023
6552713;1.221.954.023
6541845;20.16
6513237;16.9
6487698;11
6531117;1.329.108.033
6541803;22
6558922;209.871.028
6441494;12
6522384;21
6522376;21
6511020;1.852.122.302
6511028;1.852.122.302
6511036;1.852.122.302
6511044;1.852.122.302
6511052;1.852.122.302
6511053;1.852.122.302
6509189;11
6533940;10
6533948;10
6533956;10
6533964;1.329.108.033
6545333;1.329.108.033
6545339;1.329.108.033
6545340;1.329.108.033
6540793;1.329.108.033
6534967;14
6534975;13
6553846;14
6422618;12
6543994;1.329.108.033
6493200;14.6
6493208;14.6
6493216;14.6
6493224;14.6
6540626;1.329.108.033
6536022;1.221.954.023
6531093;1.329.108.033
6536534;20
6519237;22
6534931;22
6471061;19
6544685;14
6541405;2.198.295.918
6544877;13
6543013;23
6544544;1.329.108.033
6545547;12
6545546;130.798.916
6542684;15
6542692;15
6561349;20
6550302;1.329.108.033
6545763;1.329.108.033
6540013;1.852.122.302
6535742;22.7
6552722;18.5
6551885;1.329.108.033
6545520;13
6545519;14.6
6546537;15
6549247;10
6546320;21.27
6548301;1.852.122.302
6550257;1.329.108.033
6546675;1.173.571.429
6546588;13.5
6549255;18
6547184;10
6544771;13.6
6544779;1.221.954.023
6580683;1.329.108.033
6542693;15
6542701;15
6454649;130.798.916
6548248;1.329.108.033
6574228;12
6566306;130.798.916
6552235;13.64
6552243;13.64
6556657;130.798.916
6553189;1.221.954.023
6553197;1.221.954.023
6560069;1.329.108.033
6565819;12
6569603;1.329.108.033
6569599;1.329.108.033
6569550;1.329.108.033
6552649;14
6552657;14
6552665;1.221.954.023
6552671;14
6555409;1.221.954.023
6553932;1.852.122.302
6556432;15.5
6561325;1.329.108.033
6569644;1.221.954.023
6569652;1.221.954.023
6561339;1.329.108.033
6561341;1.329.108.033
6561695;1.329.108.033
6558113;1.221.954.023
6562608;1.221.954.023
6558114;1.221.954.023
6562616;1.221.954.023
6558581;14
5794269;1.329.108.033
6572762;20.16
6568003;12
6568280;15
6568279;15
6547229;18
6570943;14
6590525;1.329.108.033
6590545;1.329.108.033
6590553;1.329.108.033
6590537;1.329.108.033
6287785;1.329.108.033
6567443;1.329.108.033
6582205;22.67
6582195;21
6575705;1.221.954.023
6570959;1.329.108.033
6570951;1.329.108.033
6577992;1.329.108.033
6582075;130.798.916
